{"test_number": 8, "range_th_N": [1, 2, 3, 4, 5, 6, 7, 8, 9, 10], "choice_sel_N": [20, 50, 100], "result_th_N": [0.15833362500812154, 0.17215073691425803, 0.16136907451864707, 0.1595200559086965, 0.1604973804046829, 0.14768727308785995, 0.15744863390435385, 0.16342358428086504, 0.20570792148159225, 0.19475522143561186, 0.20232094671550857, 0.1905158836902225, 0.19657962315845182, 0.19313898458808523, 0.19508474268793655, 0.1937277548792386, 0.218819738597742, 0.2264803968590398, 0.21782749636863882, 0.22136251128385048, 0.22138166794582764, 0.21926326773207297, 0.21821043563461992, 0.22359686774010742, 0.23461997499747417, 0.23942450101313661, 0.23624835498893798, 0.23726807250059573, 0.2392085759088114, 0.23734908685024445, 0.2348310392765219, 0.23627147744673638, 0.2537375671188355, 0.25288029215213914, 0.25251453650881656, 0.2574011484182324, 0.2559672950688272, 0.25337475504608403, 0.25314053717532625, 0.2511674748932722, 0.2608975200274391, 0.2644555966321886, 0.262294711358128, 0.2619267460172514, 0.2662648368168129, 0.26273032329620233, 0.2637578526573011, 0.25814346269765037, 0.2802828433207444, 0.272649215900865, 0.2759189441126218, 0.2740611255627708, 0.27611865688608855, 0.2760005015567766, 0.2770066095895998, 0.27499644874026324, 0.2903149501690321, 0.2920030181549629, 0.28510195792276566, 0.28666868662201017, 0.2882707643140592, 0.286403321097546, 0.2854111003094092, 0.2867391512669445, 0.2987639469141634, 0.2974080685766683, 0.3044563036539253, 0.2971723821640955, 0.2952212895163602, 0.30221705329859067, 0.2952253598915006, 0.29955550868373726, 0.30648165403886923, 0.30701085282919816, 0.30577154829728503, 0.3064190833095351, 0.3076971097126791, 0.31011232694703006, 0.30972024649644375, 0.3079166588103415, 0.08589737201641971, 0.09238362866751801, 0.08748056202445426, 0.07548577954051787, 0.07089753024829923, 0.07280500971333823, 0.07041073695423686, 0.08184865845818252, 0.12475462110391775, 0.12567748908952817, 0.12159725255595064, 0.1217709673660329, 0.11506209030865497, 0.13260816731240818, 0.12333034170080719, 0.1229357061191953, 0.15516819011605024, 0.15880327021365803, 0.1550017801136725, 0.1608635843108605, 0.1611714581401559, 0.15388165743042934, 0.16164583088214032, 0.15923670595605677, 0.17636737381575393, 0.17763601967400391, 0.17603872634705625, 0.16970943319651752, 0.17656217076830544, 0.17479904170542318, 0.17485634014380447, 0.17970195736120703, 0.19091362499699155, 0.18901487121277827, 0.19406150843688008, 0.18641238995983805, 0.18670620610313426, 0.18740567378327933, 0.19075950265760763, 0.19085639491385067, 0.20490978033464055, 0.20345720875548895, 0.20172000756357938, 0.2036059585191456, 0.2036671314506376, 0.20519576373500717, 0.19968863991224456, 0.2035020840691543, 0.20891424387309035, 0.21333590233927532, 0.21173570903004704, 0.21487856644043396, 0.2115830612337211, 0.21107590272927026, 0.21541722380840048, 0.2069475709924459, 0.21964102698269214, 0.22104579360466442, 0.22126332418467343, 0.2241146638645034, 0.22509732703267724, 0.22373337697447002, 0.2201179161617823, 0.22140192944079537, 0.23122299723836026, 0.23321085650119155, 0.23223515633962008, 0.22698841499787908, 0.23004122858008855, 0.23417690390053467, 0.23075381691655414, 0.23116843674788665, 0.23651307394351825, 0.24044267246839485, 0.2384463747760218, 0.23832934440824333, 0.24122942930891297, 0.2389718943464358, 0.23854949319503901, 0.24254604553151002, 0.027274627195704847, 0.027165729177824213, 0.024524739400154733, 0.02861643184316854, 0.026204272115847575, 0.011452038832780566, 0.024263869423862508, 0.01647786140569058, 0.06010501565975444, 0.0779393968416713, 0.0661332010862767, 0.05901580526929453, 0.06247474408371967, 0.06591603046654085, 0.06268824658470819, 0.05707602595207243, 0.09422402012188923, 0.09281403131633685, 0.09193504228665446, 0.08757195393586023, 0.09550463286258434, 0.09436846450700154, 0.09008361719878955, 0.10490950244291082, 0.11754021868593276, 0.1306328267395021, 0.12252134838910055, 0.1207112276283498, 0.12001814807353885, 0.12296688131928313, 0.11535993395338308, 0.12423906591708192, 0.14174372334924945, 0.13981168445989942, 0.13374793741977856, 0.13831583577508627, 0.14279554090080412, 0.13661598871087038, 0.1408723554596703, 0.13347650077629084, 0.15728605647601185, 0.15518684577944125, 0.15481802064070227, 0.15237239347917167, 0.15579441169989736, 0.1499724751005023, 0.15399037634411364, 0.1517154285376888, 0.16388121576720455, 0.16419377183202355, 0.16468061934431671, 0.1676864001615811, 0.16160099462370275, 0.16573662578962287, 0.16252493311389488, 0.16637661403366646, 0.17442845054045625, 0.17671693750023595, 0.17653415488679278, 0.18087637281645316, 0.17340697650299974, 0.1742121618552082, 0.17545860900101812, 0.17710957028182692, 0.18548084396282644, 0.1866184250885605, 0.18166567901409497, 0.1838048709839601, 0.18403093506097182, 0.18437818372324233, 0.18263620264666744, 0.18618568736225533, 0.1932567808643489, 0.18867680347303287, 0.18766406774773475, 0.1927485698682044, 0.1912508360302812, 0.19404655502276513, 0.19190599943519107, 0.19380555803208296],